Hanzi,Pinyin
哎,āi
唉,āi
爱护,àihù
爱惜,àixī
爱心,àixīn
安慰,ānwèi
安装,ānzhuāng
岸,àn
暗,àn
熬夜,áoyè
把握,bǎwò
摆,bǎi
办理,bànlǐ
傍晚,bàngwǎn
包裹,bāoguǒ
包含,bāohán
包括,bāokuò
薄,báo
保持,bǎochí
保存,bǎocún
保留,bǎoliú
保险,bǎoxiǎn
宝贝,bǎobèi
宝贵,bǎoguì
报到,bàodào
报道,bàodào
报告,bàogào
报社,bàoshè
抱怨,bàoyuàn
悲观,bēiguān
背,bèi
背景,bèijǐng
被子,bèizi
本科,běnkē
本领,běnlǐng
本质,běnzhì
彼此,bǐcǐ
比例,bǐlì
必然,bìrán
必要,bìyào
毕竟,bìjìng
避免,bìmiǎn
编辑,biānjí
鞭炮,biānpào
便,biàn
辩论,biànlùn
标点,biāodiǎn
标志,biāozhì
表达,biǎodá
表面,biǎomiàn
表明,biǎomíng
表情,biǎoqíng
表现,biǎoxiàn
冰激凌,bīngjīlíng
病毒,bìngdú
播放,bōfàng
玻璃,bōli
博物馆,bówùguǎn
脖子,bózi
不断,búduàn
不见得,bújiànde
不耐烦,búnàifán
不要紧,búyàojǐn
补充,bǔchōng
不安,bùān
不得了,bùdéliǎo
不然,bùrán
不如,bùrú
不足,bùzú
布,bù
步骤,bùzhòu
部门,bùmén
财产,cáichǎn
彩虹,cǎihóng
踩,cǎi
采访,cǎifǎng
采取,cǎiqǔ
参考,cānkǎo
参与,cānyù
惭愧,cánkuì
操场,cāochǎng
操心,cāoxīn
册,cè
测验,cèyàn
曾经,céngjīng
叉子,chāzi
差距,chājù
插,chā
拆,chāi
产品,chǎnpǐn
产生,chǎnshēng
常识,chángshí
长途,chángtú
抄,chāo
超级,chāojí
朝,cháo
潮湿,cháoshī
吵,chǎo
吵架,chǎojià
炒,chǎo
车库,chēkù
车厢,chēxiāng
彻底,chèdǐ
沉默,chénmò
趁,chèn
称,chēng
称呼,chēnghu
称赞,chēngzàn
成分,chéngfèn
成果,chéngguǒ
成就,chéngjiù
成立,chénglì
成人,chéngrén
成熟,chéngshú
成语,chéngyǔ
成长,chéngzhǎng
承担,chéngdān
承认,chéngrèn
承受,chéngshòu
程度,chéngdù
程序,chéngxù
诚恳,chéngkěn
吃亏,chīkuī
持续,chíxù
池塘,chítáng
迟早,chízǎo
尺子,chǐzi
翅膀,chìbǎng
充电器,chōngdiànqì
充分,chōngfèn
充满,chōngmǎn
冲,chōng
重复,chóngfù
宠物,chǒngwù
抽屉,chōuti
抽象,chōuxiàng
丑,chǒu
臭,chòu
出版,chūbǎn
出口,chūkǒu
出色,chūsè
出示,chūshì
出席,chūxí
初级,chūjí
除非,chúfēi
除夕,chúxī
处理,chǔlǐ
传播,chuánbō
传染,chuánrǎn
传说,chuánshuō
传统,chuántǒng
窗帘,chuānglián
闯,chuǎng
创造,chuàngzào
吹,chuī
词汇,cíhuì
辞职,cízhí
此外,cǐwài
刺激,cìjī
次要,cìyào
匆忙,cōngmáng
从此,cóngcǐ
从而,cóngér
从前,cóngqián
从事,cóngshì
粗糙,cūcāo
促进,cùjìn
促使,cùshǐ
醋,cù
催,cuī
存在,cúnzài
措施,cuòshī
答应,dāying
达到,dádào
打工,dǎgōng
打交道,dǎjiāodào
打喷嚏,dǎpēntì
打听,dǎting
大方,dàfāng
大厦,dàshà
大象,dàxiàng
大型,dàxíng
呆,dāi
代表,dàibiǎo
代替,dàitì
待遇,dàiyù
贷款,dàikuǎn
单纯,dānchún
单调,dāndiào
单独,dāndú
单位,dānwèi
单元,dānyuán
担任,dānrèn
耽误,dānwu
胆小鬼,dǎnxiǎoguǐ
淡,dàn
当地,dāngdì
当心,dāngxīn
挡,dǎng
倒霉,dǎoméi
导演,dǎoyǎn
导致,dǎozhì
岛屿,dǎoyǔ
到达,dàodá
道德,dàodé
道理,dàolǐ
登记,dēngjì
等待,děngdài
等于,děngyú
滴,dī
敌人,dírén
的确,díquè
地道,dìdao
地理,dìlǐ
地区,dìqū
地毯,dìtǎn
地位,dìwèi
地震,dìzhèn
递,dì
点心,diǎnxin
电池,diànchí
电台,diàntái
钓,diào
顶,dǐng
冻,dòng
动画片,dònghuàpiān
洞,dòng
豆腐,dòufu
逗,dòu
独立,dúlì
独特,dútè
度过,dùguò
断,duàn
堆,duī
兑换,duìhuàn
对比,duìbǐ
对待,duìdài
对方,duìfāng
对手,duìshǒu
对象,duìxiàng
吨,dūn
蹲,dūn
顿,dùn
多亏,duōkuī
多余,duōyú
朵,duǒ
躲藏,duǒcáng
恶劣,èliè
耳环,ěrhuán
发表,fābiǎo
发愁,fāchóu
发达,fādá
发抖,fādǒu
发挥,fāhuī
发明,fāmíng
发票,fāpiào
发言,fāyán
罚款,fákuǎn
法院,fǎyuàn
翻,fān
繁荣,fánróng
反而,fǎnér
反复,fǎnfù
反应,fǎnyìng
反映,fǎnyìng
反正,fǎnzhèng
范围,fànwéi
方,fāng
方案,fāngàn
方式,fāngshì
妨碍,fángài
仿佛,fǎngfú
非,fēi
肥皂,féizào
废话,fèihuà
分别,fēnbié
分布,fēnbù
分配,fēnpèi
分手,fēnshǒu
分析,fēnxī
纷纷,fēnfēn
奋斗,fèndòu
疯狂,fēngkuáng
风格,fēnggé
风景,fēngjǐng
风俗,fēngsú
风险,fēngxiǎn
讽刺,fěngcì
否定,fǒudìng
否认,fǒurèn
幅,fú
扶,fú
服装,fúzhuāng
辅导,fǔdǎo
复制,fùzhì
妇女,fùnv3
改革,gǎigé
改进,gǎijìn
改善,gǎishàn
改正,gǎizhèng
概括,gàikuò
概念,gàiniàn
盖,gài
干脆,gāncuì
干燥,gānzào
感激,gǎnjī
感受,gǎnshòu
感想,gǎnxiǎng
赶紧,gǎnjǐn
赶快,gǎnkuài
干活儿,gànhuór
钢铁,gāngtiě
高档,gāodàng
高级,gāojí
搞,gǎo
告别,gàobié
格外,géwài
隔壁,gébì
个别,gèbié
个人,gèrén
个性,gèxìng
各自,gèzì
根,gēn
根本,gēnběn
公布,gōngbù
公开,gōngkāi
公平,gōngpíng
公寓,gōngyù
公元,gōngyuán
公主,gōngzhǔ
功能,gōngnéng
工厂,gōngchǎng
工程,gōngchéng
工程师,gōngchéngshī
工具,gōngjù
工人,gōngrén
工业,gōngyè
恭喜,gōngxǐ
贡献,gòngxiàn
沟通,gōutōng
构成,gòuchéng
姑姑,gūgu
姑娘,gūniang
古代,gǔdài
古典,gǔdiǎn
股票,gǔpiào
骨头,gǔtou
鼓舞,gǔwǔ
鼓掌,gǔzhǎng
固定,gùdìng
挂号,guàhào
乖,guāi
拐弯,guǎiwān
怪不得,guàibude
关闭,guānbì
官,guān
观察,guānchá
观点,guāndiǎn
观念,guānniàn
管子,guǎnzǐ
冠军,guànjūn
光滑,guānghua
光临,guānglín
光明,guāngmíng
光盘,guāngpán
广场,guǎngchǎng
广大,guǎngdà
广泛,guǎngfàn
归纳,guīnà
规矩,guīju
规律,guīlǜ
规模,guīmó
规则,guīzé
柜台,guìtái
滚,gǔn
锅,guō
国庆节,guóqìngjié
国王,guówáng
果然,guǒrán
果实,guǒshí
过分,guòfèn
过敏,guòmǐn
过期,guòqī
哈,hā
海关,hǎiguān
海鲜,hǎixiān
喊,hǎn
行业,hángyè
豪华,háohuá
好客,hàokè
好奇,hàoqí
何必,hébì
何况,hékuàng
合法,héfǎ
合理,hélǐ
合同,hétong
合影,héyǐng
合作,hézuò
和平,hépíng
核心,héxīn
恨,hèn
猴子,hóuzi
后背,hòubèi
后果,hòuguǒ
呼吸,hūxī
忽然,hūrán
忽视,hūshì
壶,hú
糊涂,hútu
胡说,húshuō
胡同,hútòng
蝴蝶,húdié
花生,huāshēng
华裔,huáyì
滑,huá
划,huà
化学,huàxué
话题,huàtí
怀念,huáiniàn
怀孕,huáiyùn
缓解,huǎnjiě
幻想,huànxiǎng
慌张,huāngzhāng
黄金,huángjīn
恢复,huīfù
挥,huī
灰,huī
灰尘,huīchén
灰心,huīxīn
汇率,huìlv4
婚礼,hūnlǐ
婚姻,hūnyīn
活跃,huóyuè
伙伴,huǒbàn
火柴,huǒchái
或许,huòxǔ
基本,jīběn
机器,jīqì
激烈,jīliè
肌肉,jīròu
及格,jígé
急忙,jímáng
急诊,jízhěn
极其,jíqí
集合,jíhé
集体,jítǐ
集中,jízhōng
寂寞,jìmò
系领带,jìlǐngdài
纪录,jìlù
纪律,jìlǜ
纪念,jìniàn
计算,jìsuàn
记录,jìlù
记忆,jìyì
嘉宾,jiābīn
夹子,jiāzi
家庭,jiātíng
家务,jiāwù
家乡,jiāxiāng
假如,jiǎrú
假设,jiǎshè
假装,jiǎzhuāng
甲,jiǎ
价值,jiàzhí
嫁,jià
驾驶,jiàshǐ
兼职,jiānzhí
坚决,jiānjué
坚强,jiānqiáng
肩膀,jiānbǎng
艰巨,jiānjù
艰苦,jiānkǔ
剪刀,jiǎndāo
捡,jiǎn
简历,jiǎnlì
简直,jiǎnzhí
健身,jiànshēn
建立,jiànlì
建设,jiànshè
建筑,jiànzhù
键盘,jiànpán
讲究,jiǎngjiu
讲座,jiǎngzuò
酱油,jiàngyóu
交换,jiāohuàn
交际,jiāojì
交往,jiāowǎng
浇,jiāo
胶水,jiāoshuǐ
狡猾,jiǎohuá
角度,jiǎodù
教材,jiàocái
教练,jiàoliàn
教训,jiàoxun
接触,jiēchù
接待,jiēdài
接近,jiējìn
结实,jiēshi
阶段,jiēduàn
结构,jiégòu
结合,jiéhé
结论,jiélùn
结账,jiézhàng
节省,jiéshěng
借口,jièkǒu
届,jiè
戒,jiè
戒指,jièzhi
金属,jīnshǔ
尽快,jǐnkuài
紧急,jǐnjí
谨慎,jǐnshèn
尽力,jìnlì
尽量,jìnliàng
尽,jìn
近代,jìndài
进步,jìnbù
进口,jìnkǒu
精力,jīnglì
精神,jīngshén
经典,jīngdiǎn
经商,jīngshāng
经营,jīngyíng
酒吧,jiǔbā
救,jiù
救护车,jiùhùchē
舅舅,jiùjiu
居然,jūrán
桔子,júzi
俱乐部,jùlèbù
具备,jùbèi
具体,jùtǐ
巨大,jùdà
据说,jùshuō
捐,juān
决赛,juésài
决心,juéxīn
绝对,juéduì
角色,juésè
军事,jūnshì
均匀,jūnyún
卡车,kǎchē
开发,kāifā
开放,kāifàng
开幕式,kāimùshì
开水,kāishuǐ
砍,kǎn
看不起,kànbuqǐ
看望,kànwàng
靠,kào
颗,kē
可见,kějiàn
可靠,kěkào
可怕,kěpà
克,kè
克服,kèfú
刻苦,kèkǔ
客观,kèguān
课程,kèchéng
空间,kōngjiān
控制,kòngzhì
空闲,kòngxián
口味,kǒuwèi
夸,kuā
夸张,kuāzhāng
会计,kuàijì
宽,kuān
昆虫,kūnchóng
扩大,kuòdà
辣椒,làjiāo
拦,lán
烂,làn
朗读,lǎngdú
劳动,láodòng
劳驾,láojià
姥姥,lǎolao
老百姓,lǎobǎixìng
老板,lǎobǎn
老婆,lǎopó
老实,lǎoshi
老鼠,lǎoshǔ
乐观,lèguān
雷,léi
类型,lèixíng
冷淡,lěngdàn
厘米,límǐ
梨,lí
离婚,líhūn
理论,lǐlùn
理由,lǐyóu
利润,lìrùn
利息,lìxī
利益,lìyì
利用,lìyòng
力量,lìliang
立即,lìjí
立刻,lìkè
联合,liánhé
连忙,liánmáng
连续,liánxù
恋爱,liànài
粮食,liángshi
良好,liánghǎo
亮,liàng
了不起,liǎobuqǐ
列车,lièchē
临时,línshí
灵活,línghuó
铃,líng
零件,língjiàn
零食,língshí
领导,lǐngdǎo
领域,lǐngyù
流传,liúchuán
流泪,liúlèi
浏览,liúlǎn
龙,lóng
漏,lòu
录取,lùqǔ
录音,lùyīn
陆地,lùdì
陆续,lùxù
轮流,lúnliú
论文,lùnwén
逻辑,luóji
落后,luòhòu
骂,mà
麦克风,màikèfēng
馒头,mántou
满足,mǎnzú
毛病,máobìng
矛盾,máodùn
冒险,màoxiǎn
贸易,màoyì
媒体,méitǐ
煤炭,méitàn
眉毛,méimao
美术,měishù
魅力,mèilì
梦想,mèngxiǎng
密切,mìqiè
秘密,mìmì
秘书,mìshū
蜜蜂,mìfēng
面对,miànduì
面积,miànjī
面临,miànlín
描写,miáoxiě
苗条,miáotiáo
敏感,mǐngǎn
名牌,míngpái
名片,míngpiàn
名胜古迹,míngshènggǔjì
明确,míngquè
明显,míngxiǎn
明星,míngxīng
命令,mìnglìng
命运,mìngyùn
摸,mō
摩托车,mótuōchē
模仿,mófǎng
模糊,móhu
模特,mótè
陌生,mòshēng
某,mǒu
木头,mùtou
目标,mùbiāo
目录,mùlù
目前,mùqián
哪怕,nǎpà
难怪,nánguài
难免,nánmiǎn
脑袋,nǎodài
内部,nèibù
内科,nèikē
嫩,nèn
能干,nénggàn
能源,néngyuán
嗯,ńg
年代,niándài
年纪,niánjì
念,niàn
宁可,nìngkě
牛仔裤,niúzǎikù
农村,nóngcūn
农民,nóngmín
农业,nóngyè
浓,nóng
女士,nv3shì
欧洲,ōuzhōu
偶然,ǒurán
拍,pāi
派,pài
盼望,pànwàng
培训,péixùn
培养,péiyǎng
赔偿,péicháng
佩服,pèifú
配合,pèihé
盆,pén
碰,pèng
批,pī
批准,pīzhǔn
披,pī
疲劳,píláo
匹,pǐ
片,piàn
片面,piànmiàn
飘,piāo
拼音,pīnyīn
频道,píndào
凭,píng
平均,píngjūn
平,píng
平安,píng'ān
平常,píngcháng
平等,píngděng
平方,píngfāng
平方米,píngfāng mǐ
平衡,pínghéng
平静,píngjìng
评价,píngjià
破产,pòchǎn
破坏,pòhuài
迫切,pòqiè
期待,qīdài
期间,qījiān
其余,qíyú
奇迹,qíjì
企业,qǐyè
启发,qǐfā
气氛,qìfēn
汽油,qìyóu
签,qiān
谦虚,qiānxū
前途,qiántú
浅,qiǎn
欠,qiàn
枪,qiāng
墙,qiáng
强调,qiángdiào
强烈,qiángliè
抢,qiǎng
悄悄,qiāoqiāo
瞧,qiáo
巧妙,qiǎomiào
切,qiē
亲爱,qīnài
亲切,qīnqiè
亲自,qīnzì
勤奋,qínfèn
清淡,qīngdàn
轻视,qīngshì
轻易,qīngyì
青,qīng
青春,qīngchūn
青少年,qīngshàonián
情景,qíngjǐng
情绪,qíngxù
请求,qǐngqiú
庆祝,qìngzhù
球迷,qiúmí
趋势,qūshì
取消,qǔxiāo
娶,qǔ
去世,qùshì
圈,quān
全面,quánmiàn
权利,quánlì
权力,quánlì
劝,quàn
缺乏,quēfá
确定,quèdìng
确认,quèrèn
群,qún
燃烧,ránshāo
绕,rào
热爱,rèài
热烈,rèliè
热心,rèxīn
人才,réncái
人口,rénkǒu
人类,rénlèi
人民币,rénmínbì
人生,rénshēng
人事,rénshì
人物,rénwù
人员,rényuán
忍不住,rěnbuzhù
日常,rìcháng
日程,rìchéng
日历,rìlì
日期,rìqī
日用品,rìyòngpǐn
日子,rìzi
如何,rúhé
如今,rújīn
软,ruǎn
软件,ruǎnjiàn
弱,ruò
洒,sǎ
嗓子,sǎngzi
色彩,sècǎi
杀,shā
沙漠,shāmò
沙滩,shātān
傻,shǎ
晒,shài
删除,shānchú
闪电,shǎndiàn
善良,shànliáng
善于,shànyú
扇子,shànzi
伤害,shānghài
商品,shāngpǐn
商务,shāngwù
商业,shāngyè
上当,shàngdàng
蛇,shé
舍不得,shěbude
射击,shèjī
摄影,shèyǐng
设备,shèbèi
设计,shèjì
设施,shèshī
伸,shēn
深刻,shēnkè
身材,shēncái
身份,shēnfèn
神话,shénhuà
神秘,shénmì
升,shēng
声调,shēngdiào
生产,shēngchǎn
生产者,shēngchǎn zhě
生动,shēngdòng
生长,shēngzhǎng
绳子,shéngzi
省略,shěnglüè
胜利,shènglì
失眠,shīmián
失去,shīqù
失业,shīyè
湿润,shīrùn
狮子,shīzi
诗,shī
实话,shíhuà
实践,shíjiàn
实习,shíxí
实现,shíxiàn
实验,shíyàn
实用,shíyòng
时差,shíchā
时代,shídài
时刻,shíkè
时髦,shímáo
时期,shíqī
时尚,shíshàng
石头,shítou
食物,shíwù
使劲儿,shǐjìnr
始终,shǐzhōng
事实,shìshí
事物,shìwù
事先,shìxiān
似的,shìde
士兵,shìbīng
市场,shìchǎng
试卷,shìjuàn
收获,shōuhuò
收据,shōujù
手工,shǒugōng
手术,shǒushù
手套,shǒutào
手续,shǒuxù
手指,shǒuzhǐ
首,shǒu
受伤,shòushāng
寿命,shòumìng
书架,shūjià
梳子,shūzi
舒适,shūshì
蔬菜,shūcài
蔬果,shū guǒ
蔬,shū
输入,shūrù
熟练,shúliàn
属于,shǔyú
数,shǔ
鼠标,shǔbiāo
数据,shùjù
数码,shùmǎ
摔倒,shuāidǎo
甩,shuǎi
双方,shuāngfāng
税,shuì
说不定,shuōbudìng
说服,shuōfú
丝绸,sīchóu
丝毫,sīháo
思考,sīkǎo
思想,sīxiǎng
撕,sī
私人,sīrén
似乎,sìhū
搜索,sōusuǒ
宿舍,sùshè
随身,suíshēn
随时,suíshí
随手,suíshǒu
碎,suì
损失,sǔnshī
缩短,suōduǎn
所,suǒ
锁,suǒ
台阶,táijiē
太极拳,tàijíquán
太太,tàitai
谈判,tánpàn
坦率,tǎnshuài
烫,tàng
桃,táo
淘气,táoqì
逃,táo
逃避,táobì
讨价还价,tǎojiàhuánjià
套,tào
特色,tèsè
特殊,tèshū
特征,tèzhēng
疼爱,téngài
提倡,tíchàng
提纲,tígāng
提问,tíwèn
题目,tímù
体会,tǐhuì
体贴,tǐtiē
体现,tǐxiàn
体验,tǐyàn
天空,tiānkōng
天真,tiānzhēn
调皮,tiáopí
调整,tiáozhěng
挑战,tiǎozhàn
通常,tōngcháng
统一,tǒngyī
痛苦,tòngkǔ
痛快,tòngkuài
偷,tōu
投入,tóurù
投资,tóuzī
透明,tòumíng
突出,tūchū
土地,tǔdì
土豆,tǔdòu
兔子,tùzi
吐,tù
团,tuán
推辞,tuīcí
推广,tuīguǎng
推荐,tuījiàn
退,tuì
退步,tuìbù
退休,tuìxiū
歪,wāi
外公,wàigōng
外交,wàijiāo
完美,wánměi
完善,wánshàn
完整,wánzhěng
玩具,wánjù
万一,wànyī
王子,wángzǐ
往返,wǎngfǎn
网络,wǎngluò
危害,wēihài
威胁,wēixié
微笑,wēixiào
唯一,wéiyī
围巾,wéijīn
围绕,wéirào
维修,wéixiū
违反,wéifǎn
伟大,wěidà
委屈,wěiqū
尾巴,wěiba
位于,wèiyú
位置,wèizhi
未必,wèibì
未来,wèilái
胃,wèi
胃口,wèikǒu
温暖,wēnnuǎn
温柔,wēnróu
文件,wénjiàn
文具,wénjù
文明,wénmíng
文学,wénxué
文字,wénzì
闻,wén
吻,wěn
稳定,wěndìng
问候,wènhòu
卧室,wòshì
握手,wòshǒu
屋子,wūzi
无奈,wúnài
无数,wúshù
无所谓,wúsuǒwèi
武术,wǔshù
勿,wù
物理,wùlǐ
物质,wùzhì
雾,wù
吸取,xīqǔ
吸收,xīshōu
戏剧,xìjù
系,xì
系统,xìtǒng
细节,xìjié
瞎,xiā
下载,xiàzǎi
吓,xià
夏令营,xiàlìngyíng
鲜艳,xiānyàn
显得,xiǎnde
显然,xiǎnrán
显示,xiǎnshì
县,xiàn
现代,xiàndài
现实,xiànshí
现象,xiànxiàng
限制,xiànzhì
相处,xiāngchǔ
相当,xiāngdāng
相对,xiāngduì
相关,xiāngguān
相似,xiāngsì
香肠,xiāngcháng
享受,xiǎngshòu
想念,xiǎngniàn
想象,xiǎngxiàng
象棋,xiàngqí
象征,xiàngzhēng
项,xiàng
项链,xiàngliàn
项目,xiàngmù
消费,xiāofèi
消化,xiāohuà
消极,xiāojí
消失,xiāoshī
销售,xiāoshòu
小麦,xiǎomài
小气,xiǎoqi
孝顺,xiàoshun
效率,xiàolu
效率,lu
歇,xiē
斜,xié
写作,xiězuò
心理,xīnlǐ
心脏,xīnzàng
欣赏,xīnshǎng
信号,xìnhào
信任,xìnrèn
形成,xíngchéng
形容,xíngróng
形势,xíngshì
形式,xíngshì
形象,xíngxiàng
形状,xíngzhuàng
行动,xíngdòng
行人,xíngrén
行为,xíngwéi
幸亏,xìngkuī
幸运,xìngyùn
性质,xìngzhì
兄弟,xiōngdì
胸,xiōng
休闲,xiūxián
修改,xiūgǎi
虚心,xūxīn
叙述,xùshù
宣布,xuānbù
宣传,xuānchuán
学历,xuélì
学术,xuéshù
学问,xuéwèn
血,xuè
寻找,xúnzhǎo
询问,xúnwèn
训练,xùnliàn
迅速,xùnsù
押金,yājīn
牙齿,yáchǐ
严肃,yánsù
延长,yáncháng
演讲,yǎnjiǎng
宴会,yànhuì
阳台,yángtái
痒,yǎng
样式,yàngshì
腰,yāo
摇,yáo
咬,yǎo
要不,yàobù
业务,yèwù
业余,yèyú
夜,yè
依然,yīrán
一辈子,yíbèizi
一旦,yídàn
一律,yílǜ
一再,yízài
一致,yízhì
疑问,yíwèn
移动,yídòng
移民,yímín
遗憾,yíhàn
乙,yǐ
以及,yǐjí
以来,yǐlái
义务,yìwù
亿,yì
意外,yìwài
意义,yìyì
议论,yìlùn
因而,yīnér
因素,yīnsù
银,yín
印刷,yìnshuā
英俊,yīngjùn
英雄,yīngxióng
营养,yíngyǎng
营业,yíngyè
迎接,yíngjiē
影子,yǐngzi
应付,yìngfu
应用,yìngyòng
硬,yìng
硬件,yìngjiàn
拥抱,yōngbào
拥挤,yōngjǐ
勇气,yǒngqì
用功,yònggōng
用途,yòngtú
优惠,yōuhuì
优美,yōuměi
优势,yōushì
悠久,yōujiǔ
油炸,yóuzhá
游览,yóulǎn
犹豫,yóuyù
有利,yǒulì
幼儿园,yòuéryuán
娱乐,yúlè
与其,yǔqí
语气,yǔqì
玉米,yùmǐ
预报,yùbào
预订,yùdìng
预防,yùfáng
元旦,yuándàn
原料,yuánliào
原则,yuánzé
员工,yuángōng
圆,yuán
愿望,yuànwàng
乐器,yuèqì
晕,yūn
运气,yùnqi
运输,yùnshū
运用,yùnyòng
灾害,zāihài
再三,zàisān
在乎,zàihu
在于,zàiyú
赞成,zànchéng
赞美,zànměi
糟糕,zāogāo
造成,zàochéng
则,zé
责备,zébèi
摘,zhāi
窄,zhǎi
粘贴,zhāntiē
展开,zhǎnkāi
展览,zhǎnlǎn
占,zhàn
战争,zhànzhēng
掌握,zhǎngwò
涨,zhǎng
长辈,zhǎngbèi
账户,zhànghù
招待,zhāodài
着火,zháohuǒ
着凉,zháoliáng
召开,zhàokāi
照常,zhàocháng
哲学,zhéxué
珍惜,zhēnxī
真实,zhēnshí
针对,zhēnduì
诊断,zhěnduàn
振动,zhèndòng
阵,zhèn
争论,zhēnglùn
争取,zhēngqǔ
征求,zhēngqiú
挣,zhēng
睁,zhēng
整个,zhěnggè
整齐,zhěngqí
整体,zhěngtǐ
政府,zhèngfǔ
政治,zhèngzhì
正,zhèng
证件,zhèngjiàn
证据,zhèngjù
支,zhī
支票,zhīpiào
执照,zhízhào
直,zhí
指导,zhǐdǎo
指挥,zhǐhuī
制定,zhìdìng
制度,zhìdù
制造,zhìzào
制作,zhìzuò
志愿者,zhìyuànzhě
智慧,zhìhuì
治疗,zhìliáo
秩序,zhìxù
至今,zhìjīn
至于,zhìyú
中介,zhōngjiè
中心,zhōngxīn
中旬,zhōngxún
种类,zhǒnglèi
重大,zhòngdà
重量,zhòngliàng
周到,zhōudao
猪,zhū
竹子,zhúzi
逐步,zhúbù
逐渐,zhújiàn
主持,zhǔchí
主动,zhǔdòng
主观,zhǔguān
主人,zhǔrén
主任,zhǔrèn
主题,zhǔtí
主席,zhǔxí
主张,zhǔzhāng
煮,zhǔ
注册,zhùcè
祝福,zhùfú
抓,zhuā
抓紧,zhuājǐn
专家,zhuānjiā
专心,zhuānxīn
转变,zhuǎnbiàn
转告,zhuǎngào
装,zhuāng
装饰,zhuāngshì
装修,zhuāngxiū
撞,zhuàng
状况,zhuàngkuàng
状态,zhuàngtài
追,zhuī
追求,zhuīqiú
咨询,zīxún
姿势,zīshì
资格,zīgé
资金,zījīn
资料,zīliào
资源,zīyuán
紫,zǐ
字母,zìmǔ
字幕,zìmù
自从,zìcóng
自动,zìdòng
自豪,zìháo
自觉,zìjué
自私,zìsī
自由,zìyóu
自愿,zìyuàn
综合,zōnghé
总裁,zǒngcái
总共,zǒnggòng
总理,zǒnglǐ
总算,zǒngsuàn
总统,zǒngtǒng
总之,zǒngzhī
组,zǔ
组成,zǔchéng
组合,zǔhé
组织,zǔzhī
阻止,zǔzhǐ
最初,zuìchū
醉,zuì
尊敬,zūnjìng
遵守,zūnshǒu
作品,zuòpǐn
作为,zuòwéi
作文,zuòwén
圆周,yuánzhōu
周年,zhōunián
周围,zhōuwéi
大夫,dàifu
健身房,jiànshēnfáng
术,shù
偶尔,ǒuěr
诚实,chéngshí
声明,shēngmíng
道歉,dàoqiàn
态度,tàidu
学术论文,zuéshù lùnwén
毕业论文,bìyè lùnwén
发表文章,fābiǎo wénzhāng
发表声明,fābiǎo shēngmíng
词语,cíyǔ
账,zhàng
情节,qíngjié
师傅,shīfu
接受,jiēshòu
提醒,tíxǐng
圣诞,shèngdàn
圣诞假期,shèngdàn jià qī
饮水机,yǐn shuǐ jī
坚持,jiānchí
训练班,xùnliàn bān
到底,dàodǐ
坚持到底,jiānchí dàodǐ
懈,xiè
坚持不懈,jiānchí bù xiè
早已,zǎoyǐ
放弃,fàngqì
地址,dìzhǐ
答谢宴会,dáxiè yànhuì
宴请,yànqǐng
加强,jiāqiáng
设宴招待,shè yàn zhāodài
招待客人,zhāodài kèrén
招待所,zhāodài suǒ
记者招待会,jìzhě zhāodài huì
记者,jìzhě
愉快,yúkuài
结束,jiéshù
祝,zhù
商业区,shāngyè qū
区,qū
判断,pànduàn
举行,jǔxíng
举办,jǔbàn
举行谈判,jǔxíng tánpàn
送行,sòngxíng
老/老是 + doing something,lǎo/lǎoshì + doing something
埋怨,mányuàn
劝告,quàngào
建议,jiànyì
如此,rúcǐ
惦记,diànjì
厌恶,yànwù
恶意,eyì
厌恶意,yànwùyì
副,fù
含,hán
出差,chūchāi
差,chāi
我们家那位,wǒmen jiā nà wèi
我们家那口子,wǒmen jiā nà kǒuzi
成度,chéngdù
行政,xíngzhèng
政,zhèng
基,jī
基础,jīchǔ
打好基础,dǎ hǎo jīchǔ
层,céng
基层单位,jīcéng dānwèi
懒,lǎn
懒得,lǎndé
不愿意,bùyuànyì
愿意,yuànyì
厌烦,yànfán
发懒,fā lǎn
晚点,wǎndiǎn (late/behind schedule)
早点,zǎodiǎn (early/breakfast)
早点儿,zǎodiǎner
提前,tíqián
提早,tízǎo
到达,dàodá (arrive)
达到,dádào (achieve)
降落,jiàngluò
降,jiàng
落,luò
降落伞,jiàngluò sǎn
降雨,jiàngyǔ
降价,jiàngjià
许多,xǔduō
品,pǐn
价格/价钱,jiàgé/jiàqián
名落孙山,míng luò sūnshān
甘,gān
不甘落后,bù gān luòhòu
落后地区,luòhòu dìqū
井,jǐng
石,shí
落井下石,luò jǐng xià shí
落水狗,luò shuǐ gǒu
失败,shībài
落汤鸡,luòtāngjī
汤,tāng
晚一点,wǎn yīdiǎn (in a short moment)
一点晚,yīdiǎn wǎn (a little late)
订,dìng
条约,tiáoyuē
合,hé
订条约,dìng tiáoyuē
订合同,dìng hétong
订报纸,dìng bàozhǐ
酒席,jiǔxí
订一桌酒席,dìng yī zhuō jiǔxí
订票,dìng piào
订单,dìngdān
订购,dìnggòu
户,hù
订户,dìnghù
订婚,dìnghūn
定,dìng
计划,jìhuà
定计划,dìng jìhuà
定时间,sìng shíjiān
神,shén
心神不定,xīnshén bùdìng
定案,dìng'àn
定价,dìng jià
金钱,jīnqián
定金,dìngjīn
居,jū
定居,dìngjū
定居点,dìngjūdiǎn
定期,dìngqí
炸弹,zhàdàn
定时炸弹,dìngshí zhàdàn
罪,zuì
定罪,dìngzuì
定做,dìngzuò
调研,diàoyán
调查,diàochá
研究,yánjiū
可行性,kěxíngxìng
研究生,yánjiūshēng
研究员,yánjiùyuán
研究所,yánjiūsuǒ
向上级报告,xiàng shàngjí bàogào
总结,zǒngjié
旬,xún
上旬,shàngxún
下旬,xiàxún
初旬,chūxún
询,xún
查询,cháxún
查询电话,cháxún diànhuà
初,chū
初年,chū nián
年初,nián chū
初冬,chū dōng
恋,liàn
初恋,chū liàn
初露锋芒,chū lù fēng máng
初露头角,chū lù tóu jiǎo
犊,dú
初生之犊,chū shēng zhī dú
畏,wèi
初生之犊不畏虎,chū shēng zhī dú bù wèi hǔ
底,dǐ
海底,hǎidǐ
年底,niándǐ
月底,yuèdǐ
医,yī
护士,hùshi
美容手术,měiróng shǒushù
动手术,dòng shǒushù
大概,dàgài
友好,yǒuhǎo
责备语气,zébèi yǔqì
夸奖,kuājiǎng
表扬,biǎoyáng
洗澡,xǐzǎo
卡通片,kǎtōngpiàn
动作片,dòngzuòpiàn
洗衣机,xǐyījī
机会,jīhuì
载,zǎi
千载一时,qiān zǎi yī shí
放过,fàngguò
来之不易,lái zhī bù yì
来的不容易,lái de bù róngyì
把,bǎ
握,wò
掌,zhǎng
刀,dāo
自信,zìxìn
自信心,zìxìnxīn
信心,xìnxīn
有信心,yǒuxìnxīn
鼓,gǔ
鼓励,gǔlì
十分,shífēn
极,jí
极了,jíle
严格,yángé
严重,yánzhòng
农,nóng
农产品,nóng chǎnpǐn
畜,xù
畜产品,xù chǎnpǐn
副产品,fù chǎnpǐn
优质产品,yōu zhí chǎnpǐn
质量,zhìliàng
善,shàn
党,dǎng
政党,zhèngdǎng
策,cè
政策,zhèngcè
政权,zhèngquán
广告,guǎnggào
广告宣传,guǎnggào xuānchuán
规定,guīdìng
交通,jiāotōng
大量,dàliàng
数量,shùliàng
情报,qíngbào
财,fù
财富,cáifù
生意,shēngyì
开发商,kāifā shāng
智,zhì
智力,zhìlì
开发智力,kāifā zhìlì
提,tí
醒,xǐng
伤,shāng
伤心,shāngxīn
惟,wéi
惟恐,wéikǒng
恐怕,kǒngpà
否则,fǒuzé
差点儿,chàdiǎn er
四川,sìchuān
四川省,sìchuān shěng
省,shěng
节约,jiéyuē
川,chuān
山川,shānchuān
河,hé
川流不息,chuān liú bù xī
流,liú
四川有天府之国之称,sìchuān yǒu tiānfǔ zhī guó zhī chēng
府,fǔ
称,chēng
川菜,chuāncài
荤,hūn
荤菜,hūncài
素,sù
素菜,sùcài
(可)不是吃素的,(kě) bù shì chī sù de
活干,huó gàn
干,gàn/gān
奇怪,qíguài
怪,guài
闷,mèn
顾客,gùkè
味道,wèidào
怪物,guàiwù
妖,yāo
妖怪,yāoguài
往往,wǎngwǎng
往常,wǎngcháng
专,zhuān
专长,zhuāncháng
发挥专长,fāhuī zhuāncháng
水平,shuǐpíng
生活水平,shēnghuó shuǐpíng
水平不相上下,shuǐpíng bù xiāng shàng xià
失,shī
失望,shīwàng
失掉,shīdiào
失掉信心,shīdiào xìnxīn
掉,diào
verb + 掉,verb + diào
牌,pái
金牌,jīnpái
银牌,yínpái
铜牌,tóngpái
奖牌,jiǎngpái
观点,guāndiǎn
观众,guānzhòng
参观,cānguān
持,chí
支持,zhīchí
坚持,jiānchí
争,zhēng
取,qǔ
选票,xuǎnpiào
被动,bèidòng
牌子,páizi
招牌,zhāopái
招牌菜,zhāopái cài
论点,lùndiǎn
职,zhí
职业,zhíyè
辞职信,cízhí xìn
只好,zhǐhǎo
撤,chè
撤职,chèzhí
称职,chènzhí
退休工人,tuìxiū gōngrén
退休年龄,tuìxiū niánlíng
辞退,cítuì
退后,tuìhòu
岗位,gǎngwèi
以为,yǐwéi
不以为然,bù yǐwéi rán
自以为,zì yǐwéi
自以为是,zì yǐwéi shì
别提了,bié tí le
旧,jiù
旧事重提,jiù shì chóng tí
本来,běnlái
原来,yuánlái
面貌,miànmào
礼貌,lǐmào
本来的面貌,běnlái de miànmào
航班,hángbān
班机,bānjī
禁令,jìnlìng
禁止,jìnzhǐ
消息,xiāoxi
野餐,yěcān
罢,bà
作罢,zuòbà
赶,gǎn
赶时间,gǎnshíjiān
赶不及,gǎnbují
赶得及,gǎndéjí
赶上,gǎnshàng
先进,xiānjìn
紧,jǐn
紧张,jǐnzhāng
连,lián
赶得上,gǎn dé shàng
赶不上,gǎn bu shàng
流行,liúxíng
支歌,zhīgē
受欢迎,shòu huānyíng
剪,jiǎn
剪发,jiǎn fǎ
剪羊毛,jiǎn yáng máo
毕业设计,bìyè shèjì
设计师,shèjìshī
服装设计师,fúzhuāng shèjìshī
室内,shìnèi
室外,shìwài
室内设计师,shìnèi shèjìshī
做什么的,zuò shénme de
管理,guǎnlǐ
理发,lǐfà
理发店,lǐfà diàn
理发师,lǐfǎ shī
型,xíng
发型,fǎxíng
美发,měifǎ
美发师,měifǎ shī
染,rǎn
染发,rǎnfǎ
污染,wūrǎn
短发,duǎnfǎ
长发,zhǎngfā
长发飘飘,zhǎngfā piāopiāo
歌曲,gēqǔ
禽,qín
禽流感,qín liú gǎn
指,zhǐ
指甲,zhǐjiǎ
剪指甲,jiǎn zhǐjiǎ
指出来,zhǐ chūlái
算,suàn
算了,suànle
营养不良,yíngyǎng bù liáng
良,liáng
营养丰富,yíngyǎng fēngfù
跟不上,gēn bù shàng
跟得上,gēn dé shàng
认为,rènwéi
户外,hùwài
算一算,suàn yī suàn
计算机,jìsuàn jī
计算器,jìsuàn qì
器,qì
怎么行,zěnme xíng
怎么办,zěnme bàn
确实,quèshí
实在,shízài
准确,zhǔnquè
正确,zhèngquè
挺好,tǐng hǎo
挺胸,tǐng xiōng
限,xiàn
无限,wúxiàn
有限,yǒuxiàn
数量不限,shùliàng bù xiàn
量,liàng
批发价,pīfā jià
零售价,língshòu jià
处理,chǔlǐ
处理价格,chǔlǐ jiàge
优惠,yōuhuì
优惠价格,yōuhuì jiàgé
讲价钱,jiǎng jiàqián
公道,gōngdào
价钱公道,jiàqián gōngdào
商量,shāngliang
好商量,hǎo shāngliáng
眠,mián
安眠药,ānmiányào
安眠,ānmián
彻,chè
彻夜不眠,chèyè bùmián
睡眠,shuìmián
足,zú
睡眠不足,shuì mián bù zú
催眠,cuīmián
催眠曲,cuīmián qǔ
中医,zhōngyī
中药,zhōngyào
西医,xīyī
西药,xīyào
前些日子,qián xiē rìzi
颜色深不些,yánsè shēn bù xiē
睡着,shuìzháo
长眠,chángmián
长眠地下,chángmián dìxià
莫,mò
及,jí
后悔莫及,hòuhuǐ mò jí
世上没有后悔药,shì shàng méiyǒu hòuhuǐ yào
音响,yīnxiǎng
音响效果,yīnxiǎng xiàoguǒ
跟...没法儿比,gēn... méi fǎ er bǐ
跟...有得比,gēn... yǒu dé bǐ
应聘,yìngpìn
学院,xuéyuàn
执教,zhíjiào
聘请,pìnqǐng
招聘,zhāopìn
聘,pìn
聘专家,pìn zhuānjiā
聘礼,pìnlǐ
招,zhāo
招工,zhāogōng
招生,zhāoshēng
招揽,zhāolǎn
揽,lǎn
真相,zhēnxiàng
录,lù
录用,lùyòng
办理手续,bànlǐ shǒuxù
业务能力,yèwù nénglì
业务知识,yèwù zhīshì
办理业务,bànlǐ yèwù
存粮过冬,cún liáng guò dōng
取款,qǔkuǎn
取款机,qǔkuǎnjī
款,kuǎn
改动,gǎidòng
稍加改动,shāo jiā gǎidòng
电影院,diànyǐngyuàn
寻思,xúnsi
租,zū
开发票,kāi fāpiào
要发票,yào fāpiào
电视台,diànshì tái
排球,páiqiú
打排球,dǎ páiqiú
怪不得,guài bù dé
猜测,cāicè
谜语,míyǔ
猜谜儿,cāi mèi er
宝,bǎo
获,huò
获奖,huòjiǎng
科技,kējì
科技界,kējì jiè
科技术语,kē jìshù yǔ
精神鼓励,jīngshén gǔlì
帮助我一把,bāngzhù wǒ yī bǎ
无法,wúfǎ
最高领导人,zuìgāo lǐngdǎo rén
班主任,bān zhǔrèn
串,chuàn
一串,yī chuàn
台阶,táijiē
注意台阶,zhùyì táijiē
到达,dàodá
安全带,ānquándài
安全帽,ānquánmào
安全门,ānquánmén
汽车,qìchē
版,bǎn
出版社,chūbǎn shè
出版物,chūbǎn wù
交班,jiāobān
恐龙,kǒnglóng
鼓起,gǔqǐ
机智,jīzhì
资金外流,zījīn wàiliú
神情,shénqíng
送别,sòngbié
公共交通,gōnggòng jiāotōng
公交,gōng jiāo
麻辣豆腐,málà dòufu
麻婆豆腐,má pó dòufu
麻,má
腿发麻,tuǐ fā má
舌头,shétou
舌头发麻,shétou fā má
比赛项目,bǐsài xiàngmù
麻木,mámù
木,mù
林,lín
森,sēn
森林,sēnlín
滑冰,huábīng
四周,sìzhōu
出院,chūyuàn
住院,zhùyuàn
分享,fēnxiǎng
香港,xiānggǎng
到那个时候,dào nàgè shíhòu
到时候,dào shíhòu
参观游览,cānguān yóulǎn
仅供参考,jǐn gōng cānkǎo
参考书,cānkǎo shū
度,dù
挤,jǐ
闲,xián
闲聊,xiánliáo
职工,zhígōng
下岗职工,xià gǎng zhígōng
双,shuān
双职工,shuān gzhígōng
茶具,chájù
不是...就是...,bùshì... jiùshì...
车间,chējiān
实验室,shíyànshì
合租房子,hé zū fángzi
费,fèi
房费,fáng fèi
伴,bàn
伴儿,bàn ér
个不停,gèbùtíng
严厉,yánlì
睁大,zhēng dà
感到意外,gǎndào yìwài
防,fáng
以防,yǐfáng
以防意外,yǐfáng yìwài
歉,qiàn
歉意,qiànyì
疼,téng
疼痛,téngtòng
表扬信,biǎoyángxìn
表扬,biǎoyáng
脑子,nǎozǐ
愤怒,fènnù
纠纷,jiūfēn
垃圾箱,lājīxiāng
垃圾堆,lājīduī
土,tǔ
乱扔垃圾,luànrēnglājī
乱扔,luànrēng
倒垃圾桶,dàolājītǒng
垃圾分类,lājīfēnlèi
类,lèi
水桶,shuǐtǒng
饭桶,fàntǒng
十年内乱,shíniánnèiluàn
罕见,hǎnjiàn
乱丢,luàndiū
罚金,fájīn
罚,fá
科以罚金,kēyǐfájīn
罚单,fádān
实行,shíxíng
生育,shēngyù
收效,shōuxiào
街,jiē
巡逻,xúnluó
出主意,chūzhǔyì
打主意,dǎzhǔyì
打定主意,dǎdìngzhǔyì
拿主意,názhǔyì
拿不定主意,nábùdìngzhǔyì
感应,gǎnyìng
感应器,gǎnyìngqì
电动,diàndòng
播,bō
播出,bōchū
录音机,lùyīnjī
不论,bùlùn
因,yīn
异,yì
陋,lòu
因人而异,yīnrénéryì
因陋就简,yīnlòujiùjiǎn
因...而...,yīn... ér...
罚球,fáqiú
赏,shǎng
惩罚,chéngfá
罚,fá
边防,biānfáng
边防巡逻,biānfáng xúnluó
显示器,xiǎnshìqì
机器人,jīqìrén
为此,wèicǐ
提出,tíchū
录像机,lùxiàngjī
沙,shā
海滩,hǎitān
滩,tān
躺椅,tǎngyǐ
半躺,bàntǎng
头顶,tóudǐng
屋顶,wūdǐng
山顶,shāndǐng
塔,tǎ
塔顶,tǎdǐng
嫩芽,nènyá
医疗,yīliáo
疗,liáo
惬意,qièyì
称心,chènxīn
荫,yīn
凉,liáng
褐色,hésè
铜器,tóngqì
古,gǔ
古铜色,gǔtóngsè
争夺,zhēngduó
晒得,shàidé
衬托,chèntuō
衬,chèn
托,tuō
对照,duìzhào
下巴,xiàbā
照射,zhàoshè
射线,shèxiàn
紫外线,zǐwàixiàn
紫色,zǐsè
动感,dònggǎn
绘画,huìhuà
雕刻,diāokè
刻,kè
文艺,wényì
形,xíng
如生,rúshēng
塑像,sùxiàng
栩栩如生,xǔxǔrúshēng
栩,xǔ
动感情,dònggǎnqíng
活力,huólì
充,chōng
充电,chōngdiàn
小姑娘,xiǎogūniáng
姑娘,gūniáng
对此,duìcǐ
此,cǐ
一点儿...也没有,yīdiǎner...yěméiyǒu
头也不回,tóuyěbùhuí
愚,yú
笨,bèn
愚笨,yúbèn
愚人节,yúrénjié
挡道,dǎngdào
挡雨,dǎngyǔ
矛,máo
盾,dùn
自相矛盾,zìxiāng máodùn
毫,háo
毫不,háobù
果皮,guǒpí
屑,xiè
纪,jì
深受感动,shēnshòu gǎndòng
智叟,zhìsǒu
叟,sǒu
傻瓜,shǎguā
闹笑话,nào xiàohuà
闹,nào
不移,bùyí
移,yí
起点,qǐdiǎn
终点,zhōngdiǎn
预知,yùzhī
预先,yùxiān
沿途,yántú
辆,liàng
行程,xíngchéng
从容,cóngróng
慌,huāng
镇静,zhènjìng
镇,zhèn
沉,chén
沉着,chénzhuó
举止,jǔzhǐ
迫,pò
压迫,yāpò
义,yì
正义,zhèngyì
畏缩,wèisuō
缩,suō
争议,zhēngyì
牺牲,xīshēng
宽裕,kuānyù
从容不迫,cóngróngbùpò
讲台,jiǎngtái
窘迫,jiǒngpò
穷困,qióngkùn
生计,shēngjì
为难,wéinán
处境,chǔjìng
窘促,jiǒngcù
困顿,kùndùn
劳,láo
终日,zhōngrì
劳碌,láolù
境遇,jìngyù
漂泊,piāobó
潦倒,liáodǎo
艰难,jiānnán
漂,piāo
北京漂泊,běijīng piāobó
北漂,běi piāo
优雅,yōuyǎ
致,zhì
唱词,chàngcí
动听,dòngtīng
演奏,yǎnzòu
奏,zòu
宽敞,kuānchǎng
大厅,dàtīng
姿态,zītài
姿,zī
消耗,xiāohào
细胞,xìbāo
器官,qìguān
减弱,jiǎnruò
听觉,tīngjué
疲于奔命,píyúbēnmìng
逼迫,bīpò
奔,bēn
繁,fán
繁多,fánduō
亚,yà
亚健康,yà jiànkāng
患,huàn
生理,shēnglǐ
减退,jiǎntuì
代谢,dàixiè
健忘,jiànwàng
腰背,yāobèi
痛,tòng
精疲力竭,jīng pí lì jié
疲乏,pífá
乏,fá
倒楣,dǎoméi
利,lì
遭遇,zāoyù
遭,zāo
唯独,wéidú
惟独,wéidú
处于,chǔyú
幸运儿,xìngyùn ér
必不可少,bì bù kě shǎo
毫无,háowú
动静,dòngjìng
别处,biéchù
交谈,jiāotán
百货公司,bǎihuò gōngsī
体重,tǐzhòng
秤,chèng
电子秤,diànzǐ chèng
过秤,guòchèng
弹簧秤,tánhuáng chèng
弹簧,tánhuáng
求全责备,qiúquánzébèi
责骂,zémà
责问,zéwèn
问责,wèn zé
恨之入骨,hèn zhī rù gǔ
人群,rénqún
声讨,shēngtǎo
侵略,qīnlüè
侵略者,qīnlüèzhě
罪行,zuìxíng
悲,bēi
责罚,zéfá
怪罪,guàizuì
指责,zhǐzé
恼怒,nǎonù
怒火,nùhuǒ
怒吼,nùhǒu
吼,hǒu
狠,hěn
制,zhì
乐极生悲,lè jí shēng bēi
提升,tíshēng
提拔,tíbá
拔,bá
冬眠,dōngmián
保质保量,bǎo zhí bǎo liàng
质,zhì
量,liàng
气质,qìzhí
酒量,jiǔliàng
过量,guòliàng
饮酒过量,yǐnjiǔ guòliàng
量才录用,liàng cái lùyòng
自不量力,zì bù liànglì
量词,liàngcí
较好,jiàohǎo
入睡,rùshuì
充沛,chōngpèi
精,jīng
闹情绪,nào qíngxù
利于,lìyú
弊,bì
有利有弊,yǒu lì yǒu bì
利己利人,lì jǐ lì rén
不利,bùlì
首战不利,shǒu zhàn bùlì
利国利民,lì guó lì mín
甜美,tiánměi
甜蜜,tiánmì
蜜,mì
笑容,xiàoróng
进入,jìnrù
乡,xiāng
梦乡,mèngxiāng
迟钝,chídùn
食品,shípǐn
老舍,lǎoshě
茶馆,cháguǎn
民间,mínjiān
风味,fēngwèi
江南,jiāngnán
首诗,shǒu shī
民歌,mín gē
地方风味,dìfāng fēngwèi
风味菜,fēngwèi cài
乡土风味,xiāngtǔ fēngwèi
乡土,xiāngtǔ
饮食,yǐnshí
饮食业,yǐnshí yè
售,shòu
年糕,niángāo
粽子,zòngzǐ
元宵,yuánxiāo
油茶,yóuchá
统称,tǒngchēng
小吃店,xiǎochī diàn
观赏,guān shǎng
观,guān
言论,yánlùn
大会,dàhuì
采用,cǎiyòng
采,cǎi
神采,shéncǎi
杂技,zájì
相声,xiàngsheng
滑稽,huájī
说唱,shuōchàng
用于,yòng yú
歌颂,gēsòng
分数,fēnshù
对口,duìkǒu
单口,dānkǒu
艰苦备尝,jiānkǔ bèi cháng
备,bèi
品尝,pǐncháng
尝试,chángshì
尝新,chángxīn
偿,cháng
补,bǔ
补偿损失,bǔcháng sǔnshī
补偿,bǔcháng
损,sǔn
水灾,shuǐzāi
灾难,zāinàn
灾,zāi
毒,dú
吸毒,xī dú
心肠,xīncháng
毫无价值,háo wú jiàzhí
价值连城,jiàzhí lián chéng
生,shēng
生食,shēngshí
生肉,shēngròu
生冷,shēnglěng
生米煮成熟饭,shēng mǐ zhǔ chéngshú fàn
种,zhòng
种植,zhòngzhí
种植业,zhòngzhí yè
种植园,zhòngzhí yuán
棕油,zōng yóu
橡胶,xiàngjiāo
植物,zhíwù
植,zhí
移植,yízhí
遍地,biàndì
共同性,gòngtóng xìng
存,cún
天才,tiāncái
眼界,yǎnjiè
耕地,Gēngdì
总面积,zǒng miànjī
棉花,miánhuā
居住面积,jūzhù miànjī
界限,jièxiàn
广,guǎng
涉及,shèjí
缩,suō
缩小,suōxiǎo
缩减,suōjiǎn
军,jūn
胀,zhàng
世纪,shìjì
中世纪,zhōngshìjì
中叶,zhōngyè
直到,zhídào
番茄,fānqié